[
    {
        "id": 1,
        "name": "Smartphone X20 Pro",
        "photo": "1",
        "description": "Un potente smartphone con c\u00e1mara de alta resoluci\u00f3n y bater\u00eda de larga duraci\u00f3n.",
        "last_restock": "2024-12-20-15-45",
        "avg_consume_rate": 20,
        "in_warehouse": 155,
        "last_interaction_time": 32,
        "avg_time_between_restocks": 120
    },
    {
        "id": 2,
        "name": "Auriculares Bluetooth Z3",
        "photo": "2",
        "description": "Auriculares inal\u00e1mbricos con cancelaci\u00f3n de ruido y 20 horas de autonom\u00eda.",
        "last_restock": "2024-11-15-10-30",
        "avg_consume_rate": 35,
        "in_warehouse": 80,
        "last_interaction_time": 77,
        "avg_time_between_restocks": 63
    },
    {
        "id": 3,
        "name": "Smartwatch FitTracker 5",
        "photo": "3",
        "description": "Reloj inteligente con monitoreo de salud y GPS integrado.",
        "last_restock": "2025-01-14-19-37",
        "avg_consume_rate": 38,
        "in_warehouse": 30,
        "last_interaction_time": 11,
        "avg_time_between_restocks": 1
    },
    {
        "id": 4,
        "name": "Mochila Antirrobo TravelSafe",
        "photo": "4",
        "description": "Mochila para viajeros con dise\u00f1o antirrobo y puerto USB para cargar dispositivos.",
        "last_restock": "2024-12-01-14-10",
        "avg_consume_rate": 25,
        "in_warehouse": 176,
        "last_interaction_time": 24,
        "avg_time_between_restocks": 382
    },
    {
        "id": 5,
        "name": "L\u00e1mpara LED Inteligente",
        "photo": "5",
        "description": "L\u00e1mpara de escritorio con control de color y brillo mediante app m\u00f3vil.",
        "last_restock": "2024-11-25-16-55",
        "avg_consume_rate": 18,
        "in_warehouse": 92,
        "last_interaction_time": 54,
        "avg_time_between_restocks": 72
    },
    {
        "id": 6,
        "name": "C\u00e1mara de Seguridad Wi-Fi",
        "photo": "6",
        "description": "C\u00e1mara de vigilancia con detecci\u00f3n de movimiento y visi\u00f3n nocturna.",
        "last_restock": "2024-12-18-11-45",
        "avg_consume_rate": 8,
        "in_warehouse": 121,
        "last_interaction_time": 59,
        "avg_time_between_restocks": 325
    },
    {
        "id": 7,
        "name": "Teclado Mec\u00e1nico RGB",
        "photo": "7",
        "description": "Teclado para gamers con retroiluminaci\u00f3n personalizable y switches mec\u00e1nicos.",
        "last_restock": "2025-01-13-18-20",
        "avg_consume_rate": 37,
        "in_warehouse": 0,
        "last_interaction_time": 37,
        "avg_time_between_restocks": 0
    },
    {
        "id": 8,
        "name": "Set de Cuchillos Profesionales",
        "photo": "8",
        "description": "Juego de cuchillos de acero inoxidable para cocina profesional.",
        "last_restock": "2024-10-20-08-50",
        "avg_consume_rate": 15,
        "in_warehouse": 108,
        "last_interaction_time": 88,
        "avg_time_between_restocks": 173
    },
    {
        "id": 9,
        "name": "Drone Mini Explorer",
        "photo": "9",
        "description": "Drone compacto con c\u00e1mara HD y control remoto.",
        "last_restock": "2024-11-30-12-15",
        "avg_consume_rate": 10,
        "in_warehouse": 136,
        "last_interaction_time": 94,
        "avg_time_between_restocks": 434
    }
]